{
	"materials": [],
	"meshes": [
		{
			"name": "details",
			"id": "bfca4c7a-1500-4a3b-bebf-f2d313bab3c4",
			"uniqueId": 2260,
			"type": "Mesh",
			"position": [
				3.7255210876464844,
				-5.103452916545965e-16,
				-4.1672773361206055
			],
			"rotation": [
				4.698386384172177e-22,
				1.5707963267948963,
				3.141592653589793
			],
			"scaling": [
				0.9999997019767761,
				-0.9999996423721313,
				0.9999997019767761
			],
			"pivotMatrix": {
				"0": 1,
				"1": 0,
				"2": 0,
				"3": 0,
				"4": 0,
				"5": 1,
				"6": 0,
				"7": 0,
				"8": 0,
				"9": 0,
				"10": 1,
				"11": 0,
				"12": 0,
				"13": 0,
				"14": 0,
				"15": 1
			},
			"isEnabled": true,
			"isVisible": true,
			"infiniteDistance": false,
			"pickable": true,
			"receiveShadows": false,
			"billboardMode": 0,
			"visibility": 1,
			"checkCollisions": false,
			"isBlocker": false,
			"overrideMaterialSideOrientation": 0,
			"parentId": "7a47d948-9891-49c9-b900-da71f484f2db",
			"isUnIndexed": false,
			"geometryUniqueId": 1030,
			"geometryId": "2fa89405-6cb6-444b-9d96-0d07bddf31e7",
			"subMeshes": null,
			"materialUniqueId": 2024,
			"materialId": "62cb76cb-a4dc-4a46-bf10-02a67f9b07d4",
			"metadata": {
				"gltf": {
					"pointers": [
						"/meshes/0/primitives/0",
						"/nodes/0"
					]
				},
				"basePoseMatrix": {
					"0": -1,
					"1": 0,
					"2": 0,
					"3": 0,
					"4": 0,
					"5": 1,
					"6": 0,
					"7": 0,
					"8": 0,
					"9": 0,
					"10": 1,
					"11": 0,
					"12": 0,
					"13": 0,
					"14": 0,
					"15": 1
				},
				"originalSourceFile": {
					"id": "tombstone8",
					"name": "tombstone8",
					"sceneFileName": "models/BabylonJS Graveyard Assets/Assets-meshes-graveYardPack/tombstone8/tombstone8.glb"
				},
				"isPickable": true,
				"script": {
					"name": "None"
				},
				"renderingGroupId": 0,
				"doNotExport": false
			},
			"instances": [],
			"animations": [],
			"ranges": [],
			"layerMask": 268435455,
			"alphaIndex": 1.7976931348623157e+308,
			"hasVertexAlpha": false,
			"overlayAlpha": 0.3,
			"overlayColor": [
				1,
				0,
				0
			],
			"applyFog": true,
			"delayLoadingFile": "geometries/2fa89405-6cb6-444b-9d96-0d07bddf31e7.babylonbinarymeshdata",
			"boundingBoxMaximum": [
				0.31801140308380127,
				0.54877108335495,
				0.26276206970214844
			],
			"boundingBoxMinimum": [
				-0.31801140308380127,
				-0.06797409057617188,
				-0.26276206970214844
			],
			"_binaryInfo": {
				"positionsAttrDesc": {
					"count": 144,
					"stride": 3,
					"offset": 0,
					"dataType": 1
				},
				"normalsAttrDesc": {
					"count": 144,
					"stride": 3,
					"offset": 576,
					"dataType": 1
				},
				"uvsAttrDesc": {
					"count": 96,
					"stride": 2,
					"offset": 1152,
					"dataType": 1
				},
				"indicesAttrDesc": {
					"count": 84,
					"stride": 1,
					"offset": 1536,
					"dataType": 0
				},
				"subMeshesAttrDesc": {
					"count": 1,
					"stride": 5,
					"offset": 1872,
					"dataType": 0
				}
			},
			"positions": null,
			"normals": null,
			"uvs": null,
			"hasUVs": true,
			"indices": null
		}
	],
	"multiMaterials": [],
	"lods": []
}