{
	"materials": [],
	"meshes": [
		{
			"name": "fenceC2",
			"id": "e35bd39f-bb7a-4a0d-87f5-89d6ffb59870",
			"uniqueId": 2350,
			"type": "Mesh",
			"position": [
				1.036545753479004,
				6.310349399628031e-16,
				0
			],
			"rotation": [
				2.1775460804031487e-16,
				-1.5707963267948961,
				3.141592653589793
			],
			"scaling": [
				1.2204501628875732,
				-1.2204500436782837,
				1.2204500436782837
			],
			"pivotMatrix": {
				"0": 1,
				"1": 0,
				"2": 0,
				"3": 0,
				"4": 0,
				"5": 1,
				"6": 0,
				"7": 0,
				"8": 0,
				"9": 0,
				"10": 1,
				"11": 0,
				"12": 0,
				"13": 0,
				"14": 0,
				"15": 1
			},
			"isEnabled": true,
			"isVisible": true,
			"infiniteDistance": false,
			"pickable": true,
			"receiveShadows": false,
			"billboardMode": 0,
			"visibility": 1,
			"checkCollisions": false,
			"isBlocker": false,
			"overrideMaterialSideOrientation": 0,
			"parentId": "d1afbae7-0eab-4366-a9d4-0389e41c4fcc",
			"isUnIndexed": false,
			"geometryUniqueId": 1269,
			"geometryId": "cf4272f0-fd83-4418-8f88-1200bde2958b",
			"subMeshes": null,
			"materialUniqueId": 844,
			"materialId": "default material",
			"metadata": {
				"gltf": {
					"pointers": [
						"/meshes/0/primitives/0",
						"/nodes/0"
					]
				},
				"basePoseMatrix": {
					"0": -1,
					"1": 0,
					"2": 0,
					"3": 0,
					"4": 0,
					"5": 1,
					"6": 0,
					"7": 0,
					"8": 0,
					"9": 0,
					"10": 1,
					"11": 0,
					"12": 0,
					"13": 0,
					"14": 0,
					"15": 1
				},
				"originalSourceFile": {
					"id": "fenceC2",
					"name": "fenceC2",
					"sceneFileName": "models/BabylonJS Graveyard Assets/Assets-meshes-graveYardPack/fenceC2/fenceC2.glb"
				},
				"isPickable": true,
				"script": {
					"name": "None"
				},
				"renderingGroupId": 0,
				"doNotExport": false
			},
			"instances": [],
			"animations": [],
			"ranges": [],
			"layerMask": 268435455,
			"alphaIndex": 1.7976931348623157e+308,
			"hasVertexAlpha": false,
			"overlayAlpha": 0.3,
			"overlayColor": [
				1,
				0,
				0
			],
			"applyFog": true,
			"delayLoadingFile": "geometries/cf4272f0-fd83-4418-8f88-1200bde2958b.babylonbinarymeshdata",
			"boundingBoxMaximum": [
				0.9046635031700134,
				0.9320230484008789,
				0.0899190902709961
			],
			"boundingBoxMinimum": [
				-0.8541940450668335,
				-0.046249087899923325,
				-0.13878154754638672
			],
			"_binaryInfo": {
				"positionsAttrDesc": {
					"count": 1746,
					"stride": 3,
					"offset": 0,
					"dataType": 1
				},
				"normalsAttrDesc": {
					"count": 1746,
					"stride": 3,
					"offset": 6984,
					"dataType": 1
				},
				"uvsAttrDesc": {
					"count": 1164,
					"stride": 2,
					"offset": 13968,
					"dataType": 1
				},
				"indicesAttrDesc": {
					"count": 876,
					"stride": 1,
					"offset": 18624,
					"dataType": 0
				},
				"subMeshesAttrDesc": {
					"count": 1,
					"stride": 5,
					"offset": 22128,
					"dataType": 0
				}
			},
			"positions": null,
			"normals": null,
			"uvs": null,
			"hasUVs": true,
			"indices": null
		}
	],
	"multiMaterials": [],
	"lods": []
}