{
	"materials": [],
	"meshes": [
		{
			"name": "Fence C.fence C 1.Fence C.fence C 1.Fence C.fence C 1.fenceC1",
			"id": "1bfc342c-0777-46cd-a475-97369b50906c",
			"uniqueId": 2139,
			"type": "Mesh",
			"position": [
				3.817438840866089,
				4.675015181495267e-16,
				-4.487634658813477
			],
			"rotation": [
				-9.629709639159509e-35,
				3.141592653589793,
				3.141592653589793
			],
			"scaling": [
				0.9999998807907104,
				-0.9999998807907104,
				1.000000238418579
			],
			"pivotMatrix": {
				"0": 1,
				"1": 0,
				"2": 0,
				"3": 0,
				"4": 0,
				"5": 1,
				"6": 0,
				"7": 0,
				"8": 0,
				"9": 0,
				"10": 1,
				"11": 0,
				"12": 0,
				"13": 0,
				"14": 0,
				"15": 1
			},
			"isEnabled": true,
			"isVisible": true,
			"infiniteDistance": false,
			"pickable": true,
			"receiveShadows": false,
			"billboardMode": 0,
			"visibility": 1,
			"checkCollisions": false,
			"isBlocker": false,
			"overrideMaterialSideOrientation": 0,
			"parentId": "a119558d-5600-4f06-b025-76bc1360722f",
			"isUnIndexed": false,
			"geometryUniqueId": 988,
			"geometryId": "6bbe8ef8-74f8-42b3-8e00-0a508f571df8",
			"subMeshes": null,
			"materialUniqueId": 2024,
			"materialId": "62cb76cb-a4dc-4a46-bf10-02a67f9b07d4",
			"metadata": {
				"gltf": {
					"pointers": [
						"/meshes/0/primitives/0",
						"/nodes/0"
					]
				},
				"basePoseMatrix": {
					"0": -1,
					"1": 0,
					"2": 0,
					"3": 0,
					"4": 0,
					"5": 1,
					"6": 0,
					"7": 0,
					"8": 0,
					"9": 0,
					"10": 1,
					"11": 0,
					"12": 0,
					"13": 0,
					"14": 0,
					"15": 1
				},
				"originalSourceFile": {
					"id": "fenceC1",
					"name": "fenceC1",
					"sceneFileName": "models/BabylonJS Graveyard Assets/Assets-meshes-graveYardPack/fenceC1/fenceC1.glb"
				},
				"isPickable": true,
				"script": {
					"name": "None"
				},
				"renderingGroupId": 0,
				"doNotExport": false
			},
			"instances": [],
			"animations": [],
			"ranges": [],
			"layerMask": 268435455,
			"alphaIndex": 1.7976931348623157e+308,
			"hasVertexAlpha": false,
			"overlayAlpha": 0.3,
			"overlayColor": [
				1,
				0,
				0
			],
			"applyFog": true,
			"delayLoadingFile": "geometries/6bbe8ef8-74f8-42b3-8e00-0a508f571df8.babylonbinarymeshdata",
			"boundingBoxMaximum": [
				0.4804781973361969,
				0.8810222744941711,
				0.05071401596069336
			],
			"boundingBoxMinimum": [
				-0.5574926137924194,
				-0.046985987573862076,
				-0.05776166915893555
			],
			"_binaryInfo": {
				"positionsAttrDesc": {
					"count": 864,
					"stride": 3,
					"offset": 0,
					"dataType": 1
				},
				"normalsAttrDesc": {
					"count": 864,
					"stride": 3,
					"offset": 3456,
					"dataType": 1
				},
				"uvsAttrDesc": {
					"count": 576,
					"stride": 2,
					"offset": 6912,
					"dataType": 1
				},
				"indicesAttrDesc": {
					"count": 444,
					"stride": 1,
					"offset": 9216,
					"dataType": 0
				},
				"subMeshesAttrDesc": {
					"count": 1,
					"stride": 5,
					"offset": 10992,
					"dataType": 0
				}
			},
			"positions": null,
			"normals": null,
			"uvs": null,
			"hasUVs": true,
			"indices": null
		}
	],
	"multiMaterials": [],
	"lods": []
}