{
	"materials": [],
	"meshes": [
		{
			"name": "Model::Object006",
			"id": "aeaf9f4b-f247-4036-b47c-061ae25ccf71",
			"uniqueId": 2133,
			"type": "Mesh",
			"position": [
				0,
				0,
				0
			],
			"rotationQuaternion": [
				-0.7071067811865464,
				-4.1972085915576743e-8,
				-4.197208591557676e-8,
				0.7071067811865462
			],
			"scaling": [
				0.020000001415610456,
				0.020000001415610456,
				0.019999999552965164
			],
			"localMatrix": {
				"0": 1,
				"1": 0,
				"2": 0,
				"3": 0,
				"4": 0,
				"5": 1,
				"6": 0,
				"7": 0,
				"8": 0,
				"9": 0,
				"10": 1,
				"11": 0,
				"12": 0,
				"13": 0,
				"14": 0,
				"15": 1
			},
			"isEnabled": true,
			"isVisible": true,
			"infiniteDistance": false,
			"pickable": true,
			"receiveShadows": false,
			"billboardMode": 0,
			"visibility": 1,
			"checkCollisions": false,
			"isBlocker": false,
			"overrideMaterialSideOrientation": null,
			"parentId": "870011bf-7a4b-42ac-a6fc-67c9669a921c",
			"isUnIndexed": false,
			"geometryUniqueId": 1346,
			"geometryId": "df46e3c1-7697-480d-8486-d70cc7036882",
			"subMeshes": null,
			"materialUniqueId": 2214,
			"materialId": "8dafacc4-87e4-4289-b2a2-3ca8480057c3",
			"metadata": {
				"basePoseMatrix": {
					"0": 1,
					"1": 0,
					"2": 0,
					"3": 0,
					"4": 0,
					"5": 1,
					"6": 0,
					"7": 0,
					"8": 0,
					"9": 0,
					"10": 1,
					"11": 0,
					"12": 0,
					"13": 0,
					"14": 0,
					"15": 1
				},
				"originalSourceFile": {
					"id": "Model::Object006",
					"name": "Model::Object006",
					"sceneFileName": "models/characters/Ghost04.FBX"
				},
				"isPickable": true,
				"script": {
					"name": "None"
				},
				"renderingGroupId": 0
			},
			"instances": [],
			"animations": [],
			"ranges": [],
			"layerMask": 268435455,
			"alphaIndex": 1.7976931348623157e+308,
			"hasVertexAlpha": false,
			"overlayAlpha": 0.3,
			"overlayColor": [
				1,
				0,
				0
			],
			"applyFog": true,
			"delayLoadingFile": "geometries/df46e3c1-7697-480d-8486-d70cc7036882.babylonbinarymeshdata",
			"boundingBoxMaximum": [
				27.933942794799805,
				21.108781814575195,
				58.928367614746094
			],
			"boundingBoxMinimum": [
				-27.933942794799805,
				-22.097990036010742,
				0.11732101440429688
			],
			"_binaryInfo": {
				"positionsAttrDesc": {
					"count": 14040,
					"stride": 3,
					"offset": 0,
					"dataType": 1
				},
				"normalsAttrDesc": {
					"count": 14040,
					"stride": 3,
					"offset": 56160,
					"dataType": 1
				},
				"uvsAttrDesc": {
					"count": 9360,
					"stride": 2,
					"offset": 112320,
					"dataType": 1
				},
				"indicesAttrDesc": {
					"count": 4680,
					"stride": 1,
					"offset": 149760,
					"dataType": 0
				},
				"subMeshesAttrDesc": {
					"count": 1,
					"stride": 5,
					"offset": 168480,
					"dataType": 0
				}
			},
			"positions": null,
			"normals": null,
			"uvs": null,
			"hasUVs": true,
			"indices": null
		}
	],
	"multiMaterials": [],
	"lods": []
}