{
	"materials": [],
	"meshes": [
		{
			"name": "North.Details.tombstone 5 weathered.tombstone 5 weathered.tombstone5Weathered",
			"id": "c93d5d48-12f5-43dc-bea5-481c31780a8f",
			"uniqueId": 2212,
			"type": "Mesh",
			"position": [
				5.028583526611328,
				2.6959147593017137e-16,
				-0.20103073120117188
			],
			"rotation": [
				0,
				1.5707963267948963,
				3.141592653589793
			],
			"scaling": [
				1.000000238418579,
				-1,
				1.000000238418579
			],
			"pivotMatrix": {
				"0": 1,
				"1": 0,
				"2": 0,
				"3": 0,
				"4": 0,
				"5": 1,
				"6": 0,
				"7": 0,
				"8": 0,
				"9": 0,
				"10": 1,
				"11": 0,
				"12": 0,
				"13": 0,
				"14": 0,
				"15": 1
			},
			"isEnabled": true,
			"isVisible": true,
			"infiniteDistance": false,
			"pickable": true,
			"receiveShadows": false,
			"billboardMode": 0,
			"visibility": 1,
			"checkCollisions": false,
			"isBlocker": false,
			"overrideMaterialSideOrientation": 0,
			"parentId": "3b00e81b-3dbc-42d7-98b6-1bb064d41510",
			"isUnIndexed": false,
			"geometryUniqueId": 581,
			"geometryId": "3017a8f9-87ba-4367-a9b5-f12839d159ff",
			"subMeshes": null,
			"materialUniqueId": 2024,
			"materialId": "62cb76cb-a4dc-4a46-bf10-02a67f9b07d4",
			"metadata": {
				"gltf": {
					"pointers": [
						"/meshes/0/primitives/0",
						"/nodes/0"
					]
				},
				"basePoseMatrix": {
					"0": -1,
					"1": 0,
					"2": 0,
					"3": 0,
					"4": 0,
					"5": 1,
					"6": 0,
					"7": 0,
					"8": 0,
					"9": 0,
					"10": 1,
					"11": 0,
					"12": 0,
					"13": 0,
					"14": 0,
					"15": 1
				},
				"originalSourceFile": {
					"id": "tombstone5Weathered",
					"name": "tombstone5Weathered",
					"sceneFileName": "models/BabylonJS Graveyard Assets/Assets-meshes-graveYardPack/tombstone5Weathered/tombstone5Weathered.glb"
				},
				"isPickable": true,
				"script": {
					"name": "None"
				},
				"renderingGroupId": 0,
				"doNotExport": false
			},
			"instances": [],
			"animations": [],
			"ranges": [],
			"layerMask": 268435455,
			"alphaIndex": 1.7976931348623157e+308,
			"hasVertexAlpha": false,
			"overlayAlpha": 0.3,
			"overlayColor": [
				1,
				0,
				0
			],
			"applyFog": true,
			"delayLoadingFile": "geometries/3017a8f9-87ba-4367-a9b5-f12839d159ff.babylonbinarymeshdata",
			"boundingBoxMaximum": [
				0.4424758851528168,
				0.889183759689331,
				0.35514095425605774
			],
			"boundingBoxMinimum": [
				-0.44247591495513916,
				-0.06797407567501068,
				-0.35514089465141296
			],
			"_binaryInfo": {
				"positionsAttrDesc": {
					"count": 492,
					"stride": 3,
					"offset": 0,
					"dataType": 1
				},
				"normalsAttrDesc": {
					"count": 492,
					"stride": 3,
					"offset": 1968,
					"dataType": 1
				},
				"uvsAttrDesc": {
					"count": 328,
					"stride": 2,
					"offset": 3936,
					"dataType": 1
				},
				"indicesAttrDesc": {
					"count": 336,
					"stride": 1,
					"offset": 5248,
					"dataType": 0
				},
				"subMeshesAttrDesc": {
					"count": 1,
					"stride": 5,
					"offset": 6592,
					"dataType": 0
				}
			},
			"positions": null,
			"normals": null,
			"uvs": null,
			"hasUVs": true,
			"indices": null
		}
	],
	"multiMaterials": [],
	"lods": []
}