{
	"materials": [],
	"meshes": [
		{
			"name": "NW.Details.sarcophagus.sarcophagus.sarcophagus",
			"id": "4dfbb5a2-dccf-4bac-882f-7d32e514ad96",
			"uniqueId": 2336,
			"type": "Mesh",
			"position": [
				-0.6732616424560547,
				0,
				1.9060497283935547
			],
			"rotation": [
				-4.669176415138093e-17,
				2.7596995705038,
				3.141592653589793
			],
			"scaling": [
				0.9999998306742416,
				-0.9999998807907104,
				1.0000000963439952
			],
			"pivotMatrix": {
				"0": 1,
				"1": 0,
				"2": 0,
				"3": 0,
				"4": 0,
				"5": 1,
				"6": 0,
				"7": 0,
				"8": 0,
				"9": 0,
				"10": 1,
				"11": 0,
				"12": 0,
				"13": 0,
				"14": 0,
				"15": 1
			},
			"isEnabled": true,
			"isVisible": true,
			"infiniteDistance": false,
			"pickable": true,
			"receiveShadows": false,
			"billboardMode": 0,
			"visibility": 1,
			"checkCollisions": false,
			"isBlocker": false,
			"overrideMaterialSideOrientation": 0,
			"parentId": "14526131-f1cf-480e-9737-171f10efb269",
			"isUnIndexed": false,
			"geometryUniqueId": 934,
			"geometryId": "ac71f6ee-2c5e-441a-be68-224046a369f4",
			"subMeshes": null,
			"materialUniqueId": 2024,
			"materialId": "62cb76cb-a4dc-4a46-bf10-02a67f9b07d4",
			"metadata": {
				"gltf": {
					"pointers": [
						"/meshes/0/primitives/0",
						"/nodes/0"
					]
				},
				"basePoseMatrix": {
					"0": -1,
					"1": 0,
					"2": 0,
					"3": 0,
					"4": 0,
					"5": 1,
					"6": 0,
					"7": 0,
					"8": 0,
					"9": 0,
					"10": 1,
					"11": 0,
					"12": 0,
					"13": 0,
					"14": 0,
					"15": 1
				},
				"originalSourceFile": {
					"id": "sarcophagus",
					"name": "sarcophagus",
					"sceneFileName": "models/BabylonJS Graveyard Assets/Assets-meshes-graveYardPack/sarcophagus/sarcophagus.glb"
				},
				"isPickable": true,
				"script": {
					"name": "None"
				},
				"renderingGroupId": 0,
				"doNotExport": false
			},
			"instances": [],
			"animations": [],
			"ranges": [],
			"layerMask": 268435455,
			"alphaIndex": 1.7976931348623157e+308,
			"hasVertexAlpha": false,
			"overlayAlpha": 0.3,
			"overlayColor": [
				1,
				0,
				0
			],
			"applyFog": true,
			"delayLoadingFile": "geometries/ac71f6ee-2c5e-441a-be68-224046a369f4.babylonbinarymeshdata",
			"boundingBoxMaximum": [
				0.48706525564193726,
				0.8183073997497559,
				0.8452122211456299
			],
			"boundingBoxMinimum": [
				-0.48706525564193726,
				-0.06853263080120087,
				-0.8452121019363403
			],
			"_binaryInfo": {
				"positionsAttrDesc": {
					"count": 1026,
					"stride": 3,
					"offset": 0,
					"dataType": 1
				},
				"normalsAttrDesc": {
					"count": 1026,
					"stride": 3,
					"offset": 4104,
					"dataType": 1
				},
				"uvsAttrDesc": {
					"count": 684,
					"stride": 2,
					"offset": 8208,
					"dataType": 1
				},
				"indicesAttrDesc": {
					"count": 564,
					"stride": 1,
					"offset": 10944,
					"dataType": 0
				},
				"subMeshesAttrDesc": {
					"count": 1,
					"stride": 5,
					"offset": 13200,
					"dataType": 0
				}
			},
			"positions": null,
			"normals": null,
			"uvs": null,
			"hasUVs": true,
			"indices": null
		}
	],
	"multiMaterials": [],
	"lods": []
}