{
	"materials": [],
	"meshes": [
		{
			"name": "NW.Details.sarcophagus.sarcophagus.sarcophagus",
			"id": "2d9e20e3-12b0-43e0-88f9-afb752ea237d",
			"uniqueId": 2304,
			"type": "Mesh",
			"position": [
				-2.8519344329833984,
				0,
				-0.15028762817382812
			],
			"rotation": [
				0,
				2.0707533403901817,
				3.141592653589793
			],
			"scaling": [
				1.00000027210929,
				-0.9999999403953552,
				1.00000027210929
			],
			"pivotMatrix": {
				"0": 1,
				"1": 0,
				"2": 0,
				"3": 0,
				"4": 0,
				"5": 1,
				"6": 0,
				"7": 0,
				"8": 0,
				"9": 0,
				"10": 1,
				"11": 0,
				"12": 0,
				"13": 0,
				"14": 0,
				"15": 1
			},
			"isEnabled": true,
			"isVisible": true,
			"infiniteDistance": false,
			"pickable": true,
			"receiveShadows": false,
			"billboardMode": 0,
			"visibility": 1,
			"checkCollisions": false,
			"isBlocker": false,
			"overrideMaterialSideOrientation": 0,
			"parentId": "355b2cb4-59f2-4369-b73d-8393358651c7",
			"isUnIndexed": false,
			"geometryUniqueId": 1102,
			"geometryId": "ac71f6ee-2c5e-441a-be68-224046a369f4",
			"subMeshes": null,
			"materialUniqueId": 2024,
			"materialId": "62cb76cb-a4dc-4a46-bf10-02a67f9b07d4",
			"metadata": {
				"gltf": {
					"pointers": [
						"/meshes/0/primitives/0",
						"/nodes/0"
					]
				},
				"basePoseMatrix": {
					"0": -1,
					"1": 0,
					"2": 0,
					"3": 0,
					"4": 0,
					"5": 1,
					"6": 0,
					"7": 0,
					"8": 0,
					"9": 0,
					"10": 1,
					"11": 0,
					"12": 0,
					"13": 0,
					"14": 0,
					"15": 1
				},
				"originalSourceFile": {
					"id": "sarcophagus",
					"name": "sarcophagus",
					"sceneFileName": "models/BabylonJS Graveyard Assets/Assets-meshes-graveYardPack/sarcophagus/sarcophagus.glb"
				},
				"isPickable": true,
				"script": {
					"name": "None"
				},
				"renderingGroupId": 0,
				"doNotExport": false
			},
			"instances": [],
			"animations": [],
			"ranges": [],
			"layerMask": 268435455,
			"alphaIndex": 1.7976931348623157e+308,
			"hasVertexAlpha": false,
			"overlayAlpha": 0.3,
			"overlayColor": [
				1,
				0,
				0
			],
			"applyFog": true,
			"delayLoadingFile": "geometries/ac71f6ee-2c5e-441a-be68-224046a369f4.babylonbinarymeshdata",
			"boundingBoxMaximum": [
				0.48706525564193726,
				0.8183073997497559,
				0.8452122211456299
			],
			"boundingBoxMinimum": [
				-0.48706525564193726,
				-0.06853263080120087,
				-0.8452121019363403
			],
			"_binaryInfo": {
				"positionsAttrDesc": {
					"count": 1026,
					"stride": 3,
					"offset": 0,
					"dataType": 1
				},
				"normalsAttrDesc": {
					"count": 1026,
					"stride": 3,
					"offset": 4104,
					"dataType": 1
				},
				"uvsAttrDesc": {
					"count": 684,
					"stride": 2,
					"offset": 8208,
					"dataType": 1
				},
				"indicesAttrDesc": {
					"count": 564,
					"stride": 1,
					"offset": 10944,
					"dataType": 0
				},
				"subMeshesAttrDesc": {
					"count": 1,
					"stride": 5,
					"offset": 13200,
					"dataType": 0
				}
			},
			"positions": null,
			"normals": null,
			"uvs": null,
			"hasUVs": true,
			"indices": null
		}
	],
	"multiMaterials": [],
	"lods": []
}