{
	"materials": [],
	"meshes": [
		{
			"name": "NW.Fencing.Fence C.fence C 3.Fence C.fence C 3.fenceC3",
			"id": "c33787d2-f521-425e-8763-09bb232c981f",
			"uniqueId": 2353,
			"type": "Mesh",
			"position": [
				-4.945817947387695,
				-4.2710855506799845e-16,
				-3.50937557220459
			],
			"rotation": [
				-0.08849592122714169,
				1.479163168623631,
				3.1415925190687495
			],
			"scaling": [
				0.9999996306834091,
				-0.9999997460864389,
				0.9999997082520639
			],
			"pivotMatrix": {
				"0": 1,
				"1": 0,
				"2": 0,
				"3": 0,
				"4": 0,
				"5": 1,
				"6": 0,
				"7": 0,
				"8": 0,
				"9": 0,
				"10": 1,
				"11": 0,
				"12": 0,
				"13": 0,
				"14": 0,
				"15": 1
			},
			"isEnabled": true,
			"isVisible": true,
			"infiniteDistance": false,
			"pickable": true,
			"receiveShadows": false,
			"billboardMode": 0,
			"visibility": 1,
			"checkCollisions": false,
			"isBlocker": false,
			"overrideMaterialSideOrientation": 0,
			"parentId": "08e09530-ca36-4e0c-8406-907ee63eb6dc",
			"isUnIndexed": false,
			"geometryUniqueId": 607,
			"geometryId": "06b9ca89-96d3-457d-8ace-eab720567ee1",
			"subMeshes": null,
			"materialUniqueId": 2024,
			"materialId": "62cb76cb-a4dc-4a46-bf10-02a67f9b07d4",
			"metadata": {
				"gltf": {
					"pointers": [
						"/meshes/0/primitives/0",
						"/nodes/0"
					]
				},
				"basePoseMatrix": {
					"0": -1,
					"1": 0,
					"2": 0,
					"3": 0,
					"4": 0,
					"5": 1,
					"6": 0,
					"7": 0,
					"8": 0,
					"9": 0,
					"10": 1,
					"11": 0,
					"12": 0,
					"13": 0,
					"14": 0,
					"15": 1
				},
				"originalSourceFile": {
					"id": "fenceC3",
					"name": "fenceC3",
					"sceneFileName": "models/BabylonJS Graveyard Assets/Assets-meshes-graveYardPack/fenceC3/fenceC3.glb"
				},
				"isPickable": true,
				"script": {
					"name": "None"
				},
				"renderingGroupId": 0,
				"doNotExport": false
			},
			"instances": [],
			"animations": [],
			"ranges": [],
			"layerMask": 268435455,
			"alphaIndex": 1.7976931348623157e+308,
			"hasVertexAlpha": false,
			"overlayAlpha": 0.3,
			"overlayColor": [
				1,
				0,
				0
			],
			"applyFog": true,
			"delayLoadingFile": "geometries/06b9ca89-96d3-457d-8ace-eab720567ee1.babylonbinarymeshdata",
			"boundingBoxMaximum": [
				1.4066699743270874,
				0.9528456330299377,
				0.22508808970451355
			],
			"boundingBoxMinimum": [
				-1.327186107635498,
				-0.04675960913300514,
				-0.061500757932662964
			],
			"_binaryInfo": {
				"positionsAttrDesc": {
					"count": 2304,
					"stride": 3,
					"offset": 0,
					"dataType": 1
				},
				"normalsAttrDesc": {
					"count": 2304,
					"stride": 3,
					"offset": 9216,
					"dataType": 1
				},
				"uvsAttrDesc": {
					"count": 1536,
					"stride": 2,
					"offset": 18432,
					"dataType": 1
				},
				"indicesAttrDesc": {
					"count": 1152,
					"stride": 1,
					"offset": 24576,
					"dataType": 0
				},
				"subMeshesAttrDesc": {
					"count": 1,
					"stride": 5,
					"offset": 29184,
					"dataType": 0
				}
			},
			"positions": null,
			"normals": null,
			"uvs": null,
			"hasUVs": true,
			"indices": null
		}
	],
	"multiMaterials": [],
	"lods": []
}