{
	"materials": [],
	"meshes": [
		{
			"name": "NW.Fencing.Fence C.fence C 1.Fence C.fence C 1.fenceC1",
			"id": "2bea4187-cac3-4f22-95d7-2e3b3d95c6a5",
			"uniqueId": 2355,
			"type": "Mesh",
			"position": [
				4.793489456176758,
				-6.189116220865483e-17,
				-2.6926727294921875
			],
			"rotation": [
				2.8871000465335864e-8,
				-1.5707963254240884,
				-3.0918144182800447
			],
			"scaling": [
				1.0000002751243027,
				-1.0000002155934895,
				1.0000002384185795
			],
			"pivotMatrix": {
				"0": 1,
				"1": 0,
				"2": 0,
				"3": 0,
				"4": 0,
				"5": 1,
				"6": 0,
				"7": 0,
				"8": 0,
				"9": 0,
				"10": 1,
				"11": 0,
				"12": 0,
				"13": 0,
				"14": 0,
				"15": 1
			},
			"isEnabled": true,
			"isVisible": true,
			"infiniteDistance": false,
			"pickable": true,
			"receiveShadows": false,
			"billboardMode": 0,
			"visibility": 1,
			"checkCollisions": false,
			"isBlocker": false,
			"overrideMaterialSideOrientation": 0,
			"parentId": "08e09530-ca36-4e0c-8406-907ee63eb6dc",
			"isUnIndexed": false,
			"geometryUniqueId": 944,
			"geometryId": "6bbe8ef8-74f8-42b3-8e00-0a508f571df8",
			"subMeshes": null,
			"materialUniqueId": 2024,
			"materialId": "62cb76cb-a4dc-4a46-bf10-02a67f9b07d4",
			"metadata": {
				"gltf": {
					"pointers": [
						"/meshes/0/primitives/0",
						"/nodes/0"
					]
				},
				"basePoseMatrix": {
					"0": -1,
					"1": 0,
					"2": 0,
					"3": 0,
					"4": 0,
					"5": 1,
					"6": 0,
					"7": 0,
					"8": 0,
					"9": 0,
					"10": 1,
					"11": 0,
					"12": 0,
					"13": 0,
					"14": 0,
					"15": 1
				},
				"originalSourceFile": {
					"id": "fenceC1",
					"name": "fenceC1",
					"sceneFileName": "models/BabylonJS Graveyard Assets/Assets-meshes-graveYardPack/fenceC1/fenceC1.glb"
				},
				"isPickable": true,
				"script": {
					"name": "None"
				},
				"renderingGroupId": 0,
				"doNotExport": false
			},
			"instances": [],
			"animations": [],
			"ranges": [],
			"layerMask": 268435455,
			"alphaIndex": 1.7976931348623157e+308,
			"hasVertexAlpha": false,
			"overlayAlpha": 0.3,
			"overlayColor": [
				1,
				0,
				0
			],
			"applyFog": true,
			"delayLoadingFile": "geometries/6bbe8ef8-74f8-42b3-8e00-0a508f571df8.babylonbinarymeshdata",
			"boundingBoxMaximum": [
				0.4804781973361969,
				0.8810222744941711,
				0.05071401596069336
			],
			"boundingBoxMinimum": [
				-0.5574926137924194,
				-0.046985987573862076,
				-0.05776166915893555
			],
			"_binaryInfo": {
				"positionsAttrDesc": {
					"count": 864,
					"stride": 3,
					"offset": 0,
					"dataType": 1
				},
				"normalsAttrDesc": {
					"count": 864,
					"stride": 3,
					"offset": 3456,
					"dataType": 1
				},
				"uvsAttrDesc": {
					"count": 576,
					"stride": 2,
					"offset": 6912,
					"dataType": 1
				},
				"indicesAttrDesc": {
					"count": 444,
					"stride": 1,
					"offset": 9216,
					"dataType": 0
				},
				"subMeshesAttrDesc": {
					"count": 1,
					"stride": 5,
					"offset": 10992,
					"dataType": 0
				}
			},
			"positions": null,
			"normals": null,
			"uvs": null,
			"hasUVs": true,
			"indices": null
		}
	],
	"multiMaterials": [],
	"lods": []
}