{
	"materials": [],
	"meshes": [
		{
			"name": "NW.Trees.tree 4.tree4",
			"id": "b6ea476e-fd8f-426a-a023-d24fb91379f8",
			"uniqueId": 2292,
			"type": "Mesh",
			"position": [
				-3.331350326538086,
				2.4102731207518166e-15,
				3.4983577728271484
			],
			"rotation": [
				-4.818763833439221e-18,
				2.3302869753247917,
				3.141592653589793
			],
			"scaling": [
				1.00000007526451,
				-0.9999998807907104,
				1.0000001163054173
			],
			"pivotMatrix": {
				"0": 1,
				"1": 0,
				"2": 0,
				"3": 0,
				"4": 0,
				"5": 1,
				"6": 0,
				"7": 0,
				"8": 0,
				"9": 0,
				"10": 1,
				"11": 0,
				"12": 0,
				"13": 0,
				"14": 0,
				"15": 1
			},
			"isEnabled": true,
			"isVisible": true,
			"infiniteDistance": false,
			"pickable": true,
			"receiveShadows": false,
			"billboardMode": 0,
			"visibility": 1,
			"checkCollisions": false,
			"isBlocker": false,
			"overrideMaterialSideOrientation": 0,
			"parentId": "aa390c1d-dd5d-47eb-9164-13e8938bb623",
			"isUnIndexed": false,
			"geometryUniqueId": 1430,
			"geometryId": "b755c7a0-490c-4181-9298-3323813d62cd",
			"subMeshes": null,
			"materialUniqueId": 2024,
			"materialId": "62cb76cb-a4dc-4a46-bf10-02a67f9b07d4",
			"metadata": {
				"gltf": {
					"pointers": [
						"/meshes/0/primitives/0",
						"/nodes/0"
					]
				},
				"basePoseMatrix": {
					"0": -1,
					"1": 0,
					"2": 0,
					"3": 0,
					"4": 0,
					"5": 1,
					"6": 0,
					"7": 0,
					"8": 0,
					"9": 0,
					"10": 1,
					"11": 0,
					"12": 0,
					"13": 0,
					"14": 0,
					"15": 1
				},
				"originalSourceFile": {
					"id": "tree4",
					"name": "tree4",
					"sceneFileName": "models/BabylonJS Graveyard Assets/Assets-meshes-graveYardPack/tree4/tree4.glb"
				},
				"isPickable": true,
				"script": {
					"name": "None"
				},
				"renderingGroupId": 0,
				"doNotExport": false
			},
			"instances": [],
			"animations": [],
			"ranges": [],
			"layerMask": 268435455,
			"alphaIndex": 1.7976931348623157e+308,
			"hasVertexAlpha": false,
			"overlayAlpha": 0.3,
			"overlayColor": [
				1,
				0,
				0
			],
			"applyFog": true,
			"delayLoadingFile": "geometries/b755c7a0-490c-4181-9298-3323813d62cd.babylonbinarymeshdata",
			"boundingBoxMaximum": [
				1.5731643438339233,
				5.34945011138916,
				1.9164583683013916
			],
			"boundingBoxMinimum": [
				-2.1167588233947754,
				-0.43311136960983276,
				-1.7067726850509644
			],
			"_binaryInfo": {
				"positionsAttrDesc": {
					"count": 12852,
					"stride": 3,
					"offset": 0,
					"dataType": 1
				},
				"normalsAttrDesc": {
					"count": 12852,
					"stride": 3,
					"offset": 51408,
					"dataType": 1
				},
				"uvsAttrDesc": {
					"count": 8568,
					"stride": 2,
					"offset": 102816,
					"dataType": 1
				},
				"indicesAttrDesc": {
					"count": 4512,
					"stride": 1,
					"offset": 137088,
					"dataType": 0
				},
				"subMeshesAttrDesc": {
					"count": 1,
					"stride": 5,
					"offset": 155136,
					"dataType": 0
				}
			},
			"positions": null,
			"normals": null,
			"uvs": null,
			"hasUVs": true,
			"indices": null
		}
	],
	"multiMaterials": [],
	"lods": []
}