{
	"materials": [],
	"meshes": [
		{
			"name": "NW.Trees.tree 8.tree8",
			"id": "58f6604a-4d21-4448-9758-42329f79e909",
			"uniqueId": 2330,
			"type": "Mesh",
			"position": [
				-3.792133331298828,
				0,
				-3.3198843002319336
			],
			"rotation": [
				0,
				-0.4164985612173462,
				3.141592653589793
			],
			"scaling": [
				0.9999998630284193,
				-1,
				1.0000002503673329
			],
			"pivotMatrix": {
				"0": 1,
				"1": 0,
				"2": 0,
				"3": 0,
				"4": 0,
				"5": 1,
				"6": 0,
				"7": 0,
				"8": 0,
				"9": 0,
				"10": 1,
				"11": 0,
				"12": 0,
				"13": 0,
				"14": 0,
				"15": 1
			},
			"isEnabled": true,
			"isVisible": true,
			"infiniteDistance": false,
			"pickable": true,
			"receiveShadows": false,
			"billboardMode": 0,
			"visibility": 1,
			"checkCollisions": false,
			"isBlocker": false,
			"overrideMaterialSideOrientation": 0,
			"parentId": "d5577b05-7ae5-4d6e-8173-316956908921",
			"isUnIndexed": false,
			"geometryUniqueId": 1383,
			"geometryId": "8f5a043c-270f-46aa-af85-2ba743739e09",
			"subMeshes": null,
			"materialUniqueId": 2024,
			"materialId": "62cb76cb-a4dc-4a46-bf10-02a67f9b07d4",
			"metadata": {
				"gltf": {
					"pointers": [
						"/meshes/0/primitives/0",
						"/nodes/0"
					]
				},
				"basePoseMatrix": {
					"0": -1,
					"1": 0,
					"2": 0,
					"3": 0,
					"4": 0,
					"5": 1,
					"6": 0,
					"7": 0,
					"8": 0,
					"9": 0,
					"10": 1,
					"11": 0,
					"12": 0,
					"13": 0,
					"14": 0,
					"15": 1
				},
				"originalSourceFile": {
					"id": "tree8",
					"name": "tree8",
					"sceneFileName": "models/BabylonJS Graveyard Assets/Assets-meshes-graveYardPack/tree8/tree8.glb"
				},
				"isPickable": true,
				"script": {
					"name": "None"
				},
				"renderingGroupId": 0,
				"doNotExport": false
			},
			"instances": [],
			"animations": [],
			"ranges": [],
			"layerMask": 268435455,
			"alphaIndex": 1.7976931348623157e+308,
			"hasVertexAlpha": false,
			"overlayAlpha": 0.3,
			"overlayColor": [
				1,
				0,
				0
			],
			"applyFog": true,
			"delayLoadingFile": "geometries/8f5a043c-270f-46aa-af85-2ba743739e09.babylonbinarymeshdata",
			"boundingBoxMaximum": [
				0.6552386283874512,
				3.3026204109191895,
				0.4289197325706482
			],
			"boundingBoxMinimum": [
				-1.2126260995864868,
				-0.22351142764091492,
				-1.8889468908309937
			],
			"_binaryInfo": {
				"positionsAttrDesc": {
					"count": 10284,
					"stride": 3,
					"offset": 0,
					"dataType": 1
				},
				"normalsAttrDesc": {
					"count": 10284,
					"stride": 3,
					"offset": 41136,
					"dataType": 1
				},
				"uvsAttrDesc": {
					"count": 6856,
					"stride": 2,
					"offset": 82272,
					"dataType": 1
				},
				"indicesAttrDesc": {
					"count": 3474,
					"stride": 1,
					"offset": 109696,
					"dataType": 0
				},
				"subMeshesAttrDesc": {
					"count": 1,
					"stride": 5,
					"offset": 123592,
					"dataType": 0
				}
			},
			"positions": null,
			"normals": null,
			"uvs": null,
			"hasUVs": true,
			"indices": null
		}
	],
	"multiMaterials": [],
	"lods": []
}