{
	"materials": [],
	"meshes": [
		{
			"name": "stump 1.stump1",
			"id": "be56eeea-79ed-4796-a669-b5b76751eec8",
			"uniqueId": 4083,
			"type": "Mesh",
			"position": [
				1.9524221420288086,
				0,
				1.9269282817840576
			],
			"rotation": [
				0,
				1.2432704865655526,
				3.141592653589793
			],
			"scaling": [
				0.6670852680615121,
				-0.667085587978363,
				0.6670852680615121
			],
			"pivotMatrix": {
				"0": 1,
				"1": 0,
				"2": 0,
				"3": 0,
				"4": 0,
				"5": 1,
				"6": 0,
				"7": 0,
				"8": 0,
				"9": 0,
				"10": 1,
				"11": 0,
				"12": 0,
				"13": 0,
				"14": 0,
				"15": 1
			},
			"isEnabled": true,
			"isVisible": true,
			"infiniteDistance": false,
			"pickable": true,
			"receiveShadows": false,
			"billboardMode": 0,
			"visibility": 1,
			"checkCollisions": false,
			"isBlocker": false,
			"overrideMaterialSideOrientation": 0,
			"parentId": "9aeb31e4-abf6-4089-9ca6-471b14e4e052",
			"isUnIndexed": false,
			"geometryUniqueId": 1221,
			"geometryId": "175d23cc-9742-4442-a7aa-d601cf4ffb37",
			"subMeshes": null,
			"materialUniqueId": 2024,
			"materialId": "62cb76cb-a4dc-4a46-bf10-02a67f9b07d4",
			"metadata": {
				"gltf": {
					"pointers": [
						"/meshes/0/primitives/0",
						"/nodes/0"
					]
				},
				"basePoseMatrix": {
					"0": -1,
					"1": 0,
					"2": 0,
					"3": 0,
					"4": 0,
					"5": 1,
					"6": 0,
					"7": 0,
					"8": 0,
					"9": 0,
					"10": 1,
					"11": 0,
					"12": 0,
					"13": 0,
					"14": 0,
					"15": 1
				},
				"originalSourceFile": {
					"id": "stump1",
					"name": "stump1",
					"sceneFileName": "models/BabylonJS Graveyard Assets/Assets-meshes-graveYardPack/stump1/stump1.glb"
				},
				"isPickable": true,
				"script": {
					"name": "None"
				},
				"renderingGroupId": 0,
				"doNotExport": false
			},
			"instances": [],
			"animations": [],
			"ranges": [],
			"layerMask": 268435455,
			"alphaIndex": 1.7976931348623157e+308,
			"hasVertexAlpha": false,
			"overlayAlpha": 0.3,
			"overlayColor": [
				1,
				0,
				0
			],
			"applyFog": true,
			"delayLoadingFile": "geometries/175d23cc-9742-4442-a7aa-d601cf4ffb37.babylonbinarymeshdata",
			"boundingBoxMaximum": [
				0.8076631426811218,
				0.7112170457839966,
				0.7137792110443115
			],
			"boundingBoxMinimum": [
				-1.1662297248840332,
				-0.16705599427223206,
				-1.2789280414581299
			],
			"_binaryInfo": {
				"positionsAttrDesc": {
					"count": 3306,
					"stride": 3,
					"offset": 0,
					"dataType": 1
				},
				"normalsAttrDesc": {
					"count": 3306,
					"stride": 3,
					"offset": 13224,
					"dataType": 1
				},
				"uvsAttrDesc": {
					"count": 2204,
					"stride": 2,
					"offset": 26448,
					"dataType": 1
				},
				"indicesAttrDesc": {
					"count": 1218,
					"stride": 1,
					"offset": 35264,
					"dataType": 0
				},
				"subMeshesAttrDesc": {
					"count": 1,
					"stride": 5,
					"offset": 40136,
					"dataType": 0
				}
			},
			"positions": null,
			"normals": null,
			"uvs": null,
			"hasUVs": true,
			"indices": null
		}
	],
	"multiMaterials": [],
	"lods": []
}