{
	"materials": [],
	"meshes": [
		{
			"name": "stump 2.stump2",
			"id": "7b1eef22-e66e-4295-8f5d-20b0a9a98ca1",
			"uniqueId": 2491,
			"type": "Mesh",
			"position": [
				0,
				0,
				2.319011688232422
			],
			"rotation": [
				0,
				-2.112918845275212,
				3.141592653589793
			],
			"scaling": [
				1.0000000760524859,
				-0.9999998211860657,
				1.0000000760524859
			],
			"pivotMatrix": {
				"0": 1,
				"1": 0,
				"2": 0,
				"3": 0,
				"4": 0,
				"5": 1,
				"6": 0,
				"7": 0,
				"8": 0,
				"9": 0,
				"10": 1,
				"11": 0,
				"12": 0,
				"13": 0,
				"14": 0,
				"15": 1
			},
			"isEnabled": true,
			"isVisible": true,
			"infiniteDistance": false,
			"pickable": true,
			"receiveShadows": false,
			"billboardMode": 0,
			"visibility": 1,
			"checkCollisions": false,
			"isBlocker": false,
			"overrideMaterialSideOrientation": 0,
			"parentId": "c199953e-973a-4925-a6d4-bb6feba33617",
			"isUnIndexed": false,
			"geometryUniqueId": 1145,
			"geometryId": "b3b37697-624a-4b01-9a30-89c2b150c16a",
			"subMeshes": null,
			"materialUniqueId": 333,
			"materialId": "9ab142fd-89c0-4b57-b0b7-e411965d6ac4",
			"metadata": {
				"gltf": {
					"pointers": [
						"/meshes/0/primitives/0",
						"/nodes/0"
					]
				},
				"basePoseMatrix": {
					"0": -1,
					"1": 0,
					"2": 0,
					"3": 0,
					"4": 0,
					"5": 1,
					"6": 0,
					"7": 0,
					"8": 0,
					"9": 0,
					"10": 1,
					"11": 0,
					"12": 0,
					"13": 0,
					"14": 0,
					"15": 1
				},
				"originalSourceFile": {
					"id": "stump2",
					"name": "stump2",
					"sceneFileName": "models/BabylonJS Graveyard Assets/Assets-meshes-graveYardPack/stump2/stump2.glb"
				},
				"isPickable": true,
				"script": {
					"name": "None"
				},
				"renderingGroupId": 0,
				"doNotExport": false
			},
			"instances": [],
			"animations": [],
			"ranges": [],
			"layerMask": 268435455,
			"alphaIndex": 1.7976931348623157e+308,
			"hasVertexAlpha": false,
			"overlayAlpha": 0.3,
			"overlayColor": [
				1,
				0,
				0
			],
			"applyFog": true,
			"delayLoadingFile": "geometries/b3b37697-624a-4b01-9a30-89c2b150c16a.babylonbinarymeshdata",
			"boundingBoxMaximum": [
				0.9446461200714111,
				0.8004783987998962,
				0.9626134634017944
			],
			"boundingBoxMinimum": [
				-0.7493754029273987,
				-0.1659608781337738,
				-0.8255290389060974
			],
			"_binaryInfo": {
				"positionsAttrDesc": {
					"count": 2886,
					"stride": 3,
					"offset": 0,
					"dataType": 1
				},
				"normalsAttrDesc": {
					"count": 2886,
					"stride": 3,
					"offset": 11544,
					"dataType": 1
				},
				"uvsAttrDesc": {
					"count": 1924,
					"stride": 2,
					"offset": 23088,
					"dataType": 1
				},
				"indicesAttrDesc": {
					"count": 1074,
					"stride": 1,
					"offset": 30784,
					"dataType": 0
				},
				"subMeshesAttrDesc": {
					"count": 1,
					"stride": 5,
					"offset": 35080,
					"dataType": 0
				}
			},
			"positions": null,
			"normals": null,
			"uvs": null,
			"hasUVs": true,
			"indices": null
		}
	],
	"multiMaterials": [],
	"lods": []
}