{
	"tags": null,
	"position": [
		6.037100315093994,
		0,
		-2.7864770889282227
	],
	"rotation": [
		0,
		3.127349665322422,
		0
	],
	"scaling": [
		0.9999998037016856,
		1,
		0.9999998037016856
	],
	"billboardMode": 0,
	"scalingDeterminant": 1,
	"infiniteDistance": false,
	"ignoreNonUniformScaling": false,
	"reIntegrateRotationIntoRotationQuaternion": false,
	"name": "fence",
	"id": "57dc628f-cc3e-48e5-b1f1-98bbb0404df7",
	"state": "",
	"metadata": {
		"script": {
			"name": "None"
		}
	},
	"type": "TransformNode",
	"uniqueId": 1925,
	"parentId": "248353c3-df6d-4d88-9ab9-d201e93e2f3d",
	"localMatrix": {
		"0": 1,
		"1": 0,
		"2": 0,
		"3": 0,
		"4": 0,
		"5": 1,
		"6": 0,
		"7": 0,
		"8": 0,
		"9": 0,
		"10": 1,
		"11": 0,
		"12": 0,
		"13": 0,
		"14": 0,
		"15": 1
	},
	"isEnabled": true
}