{
	"tags": null,
	"position": [
		2.662099838256836,
		0,
		-3.2496140003204346
	],
	"rotation": [
		0,
		0.7319190208256481,
		0
	],
	"scaling": [
		0.8543032145035566,
		1,
		1.00000387216494
	],
	"billboardMode": 0,
	"scalingDeterminant": 1,
	"infiniteDistance": false,
	"ignoreNonUniformScaling": false,
	"reIntegrateRotationIntoRotationQuaternion": false,
	"name": "fence",
	"id": "c234ceb2-c9d6-42bd-91db-8dedc534a64d",
	"state": "",
	"metadata": {
		"script": {
			"name": "None"
		},
		"doNotExport": false
	},
	"type": "TransformNode",
	"uniqueId": 2514,
	"parentId": "8cc43371-c89d-4761-9470-a7e93d4ad83a",
	"localMatrix": {
		"0": 1,
		"1": 0,
		"2": 0,
		"3": 0,
		"4": 0,
		"5": 1,
		"6": 0,
		"7": 0,
		"8": 0,
		"9": 0,
		"10": 1,
		"11": 0,
		"12": 0,
		"13": 0,
		"14": 0,
		"15": 1
	},
	"isEnabled": true
}