{
	"tags": null,
	"position": [
		-3.997594118118286,
		0.5,
		-5.987606525421143
	],
	"rotation": [
		0,
		1.5433493572270525,
		0
	],
	"scaling": [
		1.0000002412806568,
		1,
		1.0000002412806568
	],
	"billboardMode": 0,
	"scalingDeterminant": 1,
	"infiniteDistance": false,
	"ignoreNonUniformScaling": false,
	"reIntegrateRotationIntoRotationQuaternion": false,
	"name": "Hider 1",
	"id": "2d2c0f12-586a-4b49-a22a-3845d41b8f8f",
	"state": "",
	"metadata": {
		"script": {
			"name": "None"
		},
		"doNotExport": false
	},
	"type": "TransformNode",
	"uniqueId": 1193,
	"parentId": "df1b3bc6-a376-4967-bc0a-3e2688e6362f",
	"localMatrix": {
		"0": 1,
		"1": 0,
		"2": 0,
		"3": 0,
		"4": 0,
		"5": 1,
		"6": 0,
		"7": 0,
		"8": 0,
		"9": 0,
		"10": 1,
		"11": 0,
		"12": 0,
		"13": 0,
		"14": 0,
		"15": 1
	},
	"isEnabled": true
}