{
	"tags": null,
	"position": [
		2.0110650062561035,
		0.5,
		-9.467375755310059
	],
	"rotation": [
		0,
		-0.5187589669209364,
		0
	],
	"scaling": [
		0.9999998554314529,
		1,
		0.9999998554314529
	],
	"billboardMode": 0,
	"scalingDeterminant": 1,
	"infiniteDistance": false,
	"ignoreNonUniformScaling": false,
	"reIntegrateRotationIntoRotationQuaternion": false,
	"name": "Hider 5",
	"id": "fe2342c3-d969-42f5-a4a8-b47f77855754",
	"state": "",
	"metadata": {
		"script": {
			"name": "None"
		},
		"doNotExport": false
	},
	"type": "TransformNode",
	"uniqueId": 1197,
	"parentId": "df1b3bc6-a376-4967-bc0a-3e2688e6362f",
	"localMatrix": {
		"0": 1,
		"1": 0,
		"2": 0,
		"3": 0,
		"4": 0,
		"5": 1,
		"6": 0,
		"7": 0,
		"8": 0,
		"9": 0,
		"10": 1,
		"11": 0,
		"12": 0,
		"13": 0,
		"14": 0,
		"15": 1
	},
	"isEnabled": true
}