{
	"tags": null,
	"position": [
		3.417245388031006,
		0.5,
		-7.997884273529053
	],
	"rotation": [
		0,
		-1.0510639198607499,
		0
	],
	"scaling": [
		0.9999997305797247,
		1,
		0.9999997305797247
	],
	"billboardMode": 0,
	"scalingDeterminant": 1,
	"infiniteDistance": false,
	"ignoreNonUniformScaling": false,
	"reIntegrateRotationIntoRotationQuaternion": false,
	"name": "Hider 6",
	"id": "61aad030-e755-414a-9861-81d198fe77ee",
	"state": "",
	"metadata": {
		"script": {
			"name": "None"
		},
		"doNotExport": false
	},
	"type": "TransformNode",
	"uniqueId": 1198,
	"parentId": "df1b3bc6-a376-4967-bc0a-3e2688e6362f",
	"localMatrix": {
		"0": 1,
		"1": 0,
		"2": 0,
		"3": 0,
		"4": 0,
		"5": 1,
		"6": 0,
		"7": 0,
		"8": 0,
		"9": 0,
		"10": 1,
		"11": 0,
		"12": 0,
		"13": 0,
		"14": 0,
		"15": 1
	},
	"isEnabled": true
}