{
	"tags": null,
	"position": [
		6.037100315093994,
		0,
		-2.7864770889282227
	],
	"rotation": [
		0,
		3.127349665322422,
		0
	],
	"scaling": [
		0.9999998037016856,
		1,
		0.9999998037016856
	],
	"billboardMode": 0,
	"scalingDeterminant": 1,
	"infiniteDistance": false,
	"ignoreNonUniformScaling": false,
	"reIntegrateRotationIntoRotationQuaternion": false,
	"name": "North.Fencing.Right",
	"id": "db19a98c-ee2b-4a56-a864-df036a406448",
	"state": "",
	"metadata": {
		"script": {
			"name": "None"
		}
	},
	"type": "TransformNode",
	"uniqueId": 6492,
	"parentId": "e7e92b36-0984-48d6-a1ff-a5b6d903d4c6",
	"localMatrix": {
		"0": 1,
		"1": 0,
		"2": 0,
		"3": 0,
		"4": 0,
		"5": 1,
		"6": 0,
		"7": 0,
		"8": 0,
		"9": 0,
		"10": 1,
		"11": 0,
		"12": 0,
		"13": 0,
		"14": 0,
		"15": 1
	},
	"isEnabled": true
}