{
	"tags": null,
	"position": [
		6.037100315093994,
		0,
		-2.7864770889282227
	],
	"rotation": [
		0,
		3.127349665322422,
		0
	],
	"scaling": [
		0.9999998037016856,
		1,
		0.9999998037016856
	],
	"billboardMode": 0,
	"scalingDeterminant": 1,
	"infiniteDistance": false,
	"ignoreNonUniformScaling": false,
	"reIntegrateRotationIntoRotationQuaternion": false,
	"name": "North.Fencing.Right",
	"id": "e08b5ccb-6629-43dc-9e5e-46db1d30fc47",
	"state": "",
	"metadata": {
		"script": {
			"name": "None"
		}
	},
	"type": "TransformNode",
	"uniqueId": 2237,
	"parentId": "2f96f29d-9975-419c-a3c8-5e527ece2dc1",
	"localMatrix": {
		"0": 1,
		"1": 0,
		"2": 0,
		"3": 0,
		"4": 0,
		"5": 1,
		"6": 0,
		"7": 0,
		"8": 0,
		"9": 0,
		"10": 1,
		"11": 0,
		"12": 0,
		"13": 0,
		"14": 0,
		"15": 1
	},
	"isEnabled": true
}