{
	"tags": null,
	"position": [
		6.037100315093994,
		0,
		-2.7864770889282227
	],
	"rotation": [
		0,
		3.127349665322422,
		0
	],
	"scaling": [
		0.9999998037016856,
		1,
		0.9999998037016856
	],
	"billboardMode": 0,
	"scalingDeterminant": 1,
	"infiniteDistance": false,
	"ignoreNonUniformScaling": false,
	"reIntegrateRotationIntoRotationQuaternion": false,
	"name": "North.Fencing.Right",
	"id": "9a6f7ca9-b542-4a9a-b4de-48952de1b841",
	"state": "",
	"metadata": {
		"script": {
			"name": "None"
		}
	},
	"type": "TransformNode",
	"uniqueId": 6048,
	"parentId": "fa80cf91-dd22-4435-ba1a-0995d085c06b",
	"localMatrix": {
		"0": 1,
		"1": 0,
		"2": 0,
		"3": 0,
		"4": 0,
		"5": 1,
		"6": 0,
		"7": 0,
		"8": 0,
		"9": 0,
		"10": 1,
		"11": 0,
		"12": 0,
		"13": 0,
		"14": 0,
		"15": 1
	},
	"isEnabled": true
}