{
	"tags": null,
	"position": [
		-0.00839321780949831,
		0,
		34.34395980834961
	],
	"rotation": [
		0,
		-1.5710404807769653,
		0
	],
	"scaling": [
		0.9999995529611386,
		1,
		0.9999995529611386
	],
	"billboardMode": 0,
	"scalingDeterminant": 1,
	"infiniteDistance": false,
	"ignoreNonUniformScaling": false,
	"reIntegrateRotationIntoRotationQuaternion": false,
	"name": "Obstacle B",
	"id": "c214a492-0310-4803-ba5d-6fc624970379",
	"state": "",
	"metadata": {
		"script": {
			"name": "None"
		},
		"doNotExport": false
	},
	"type": "TransformNode",
	"uniqueId": 30,
	"parentId": "1f2689f7-75cb-4dc5-aed5-7d20d28457da",
	"localMatrix": {
		"0": 1,
		"1": 0,
		"2": 0,
		"3": 0,
		"4": 0,
		"5": 1,
		"6": 0,
		"7": 0,
		"8": 0,
		"9": 0,
		"10": 1,
		"11": 0,
		"12": 0,
		"13": 0,
		"14": 0,
		"15": 1
	},
	"isEnabled": true
}