{
	"tags": null,
	"position": [
		6.037100315093994,
		0,
		-2.7864770889282227
	],
	"rotation": [
		0,
		3.127349665322422,
		0
	],
	"scaling": [
		0.9999998037016856,
		1,
		0.9999998037016856
	],
	"billboardMode": 0,
	"scalingDeterminant": 1,
	"infiniteDistance": false,
	"ignoreNonUniformScaling": false,
	"reIntegrateRotationIntoRotationQuaternion": false,
	"name": "Right",
	"id": "69087eb5-034b-4ca6-9a7d-52f04930011f",
	"state": "",
	"metadata": {
		"script": {
			"name": "None"
		}
	},
	"type": "TransformNode",
	"uniqueId": 5571,
	"parentId": "4b3768cd-8ab5-47a4-962e-6e5c0ed3547f",
	"localMatrix": {
		"0": 1,
		"1": 0,
		"2": 0,
		"3": 0,
		"4": 0,
		"5": 1,
		"6": 0,
		"7": 0,
		"8": 0,
		"9": 0,
		"10": 1,
		"11": 0,
		"12": 0,
		"13": 0,
		"14": 0,
		"15": 1
	},
	"isEnabled": true
}