{
	"tags": null,
	"position": [
		-5.391225337982178,
		-1.9539925233402755e-14,
		-7.249454498291016
	],
	"rotation": [
		0,
		2.2968530289371403,
		0
	],
	"scaling": [
		1.0000003732931204,
		1,
		1.0000003732931204
	],
	"billboardMode": 0,
	"scalingDeterminant": 1,
	"infiniteDistance": false,
	"ignoreNonUniformScaling": false,
	"reIntegrateRotationIntoRotationQuaternion": false,
	"name": "V-ghost 3",
	"id": "11aef6c0-6dd3-46aa-a7f3-d0f5fcf4cf65",
	"state": "",
	"metadata": {
		"script": {
			"name": "None"
		},
		"doNotExport": false
	},
	"type": "TransformNode",
	"uniqueId": 2042,
	"parentId": "b2b8fbab-5cf1-430c-bafa-bf6d4a6998ab",
	"localMatrix": {
		"0": 1,
		"1": 0,
		"2": 0,
		"3": 0,
		"4": 0,
		"5": 1,
		"6": 0,
		"7": 0,
		"8": 0,
		"9": 0,
		"10": 1,
		"11": 0,
		"12": 0,
		"13": 0,
		"14": 0,
		"15": 1
	},
	"isEnabled": true
}