{
	"tags": null,
	"position": [
		1.985015630722046,
		-1.509903313490213e-14,
		-6.01753044128418
	],
	"rotation": [
		0,
		-2.9170211230110077,
		0
	],
	"scaling": [
		1.000000635143528,
		1,
		1.000000635143528
	],
	"billboardMode": 0,
	"scalingDeterminant": 1,
	"infiniteDistance": false,
	"ignoreNonUniformScaling": false,
	"reIntegrateRotationIntoRotationQuaternion": false,
	"name": "V-ghost 5",
	"id": "6094c91f-4087-430f-b34f-bd2060a20099",
	"state": "",
	"metadata": {
		"script": {
			"name": "None"
		},
		"doNotExport": false
	},
	"type": "TransformNode",
	"uniqueId": 2265,
	"parentId": "b2b8fbab-5cf1-430c-bafa-bf6d4a6998ab",
	"localMatrix": {
		"0": 1,
		"1": 0,
		"2": 0,
		"3": 0,
		"4": 0,
		"5": 1,
		"6": 0,
		"7": 0,
		"8": 0,
		"9": 0,
		"10": 1,
		"11": 0,
		"12": 0,
		"13": 0,
		"14": 0,
		"15": 1
	},
	"isEnabled": true
}