{
	"tags": null,
	"position": [
		-2.441089630126953,
		3.552713678800501e-15,
		-5.771244525909424
	],
	"rotation": [
		0,
		2.7479399486134497,
		0
	],
	"scaling": [
		1.0000003316383008,
		1,
		1.0000003316383008
	],
	"billboardMode": 0,
	"scalingDeterminant": 1,
	"infiniteDistance": false,
	"ignoreNonUniformScaling": false,
	"reIntegrateRotationIntoRotationQuaternion": false,
	"name": "V-ghost 1",
	"id": "541b2a9e-83cf-4f37-a9f9-15350d56e4aa",
	"state": "",
	"metadata": {
		"script": {
			"name": "None"
		},
		"doNotExport": false
	},
	"type": "TransformNode",
	"uniqueId": 1749,
	"parentId": "b2b8fbab-5cf1-430c-bafa-bf6d4a6998ab",
	"localMatrix": {
		"0": 1,
		"1": 0,
		"2": 0,
		"3": 0,
		"4": 0,
		"5": 1,
		"6": 0,
		"7": 0,
		"8": 0,
		"9": 0,
		"10": 1,
		"11": 0,
		"12": 0,
		"13": 0,
		"14": 0,
		"15": 1
	},
	"isEnabled": true
}