{
	"tags": null,
	"position": [
		-16.769044876098633,
		0,
		-0.29166674613952637
	],
	"rotation": [
		0,
		1.5707960000011403,
		0
	],
	"scaling": [
		1.0000000000000533,
		1,
		1.0000000000000533
	],
	"billboardMode": 0,
	"scalingDeterminant": 1,
	"infiniteDistance": false,
	"ignoreNonUniformScaling": false,
	"reIntegrateRotationIntoRotationQuaternion": false,
	"name": "West",
	"id": "a405dbe8-6750-4847-a573-89b06a5a0c50",
	"state": "",
	"metadata": {
		"script": {
			"name": "None"
		},
		"doNotExport": false
	},
	"type": "TransformNode",
	"uniqueId": 2209,
	"parentId": "1f2689f7-75cb-4dc5-aed5-7d20d28457da",
	"localMatrix": {
		"0": 1,
		"1": 0,
		"2": 0,
		"3": 0,
		"4": 0,
		"5": 1,
		"6": 0,
		"7": 0,
		"8": 0,
		"9": 0,
		"10": 1,
		"11": 0,
		"12": 0,
		"13": 0,
		"14": 0,
		"15": 1
	},
	"isEnabled": true
}